<?xml version="1.0" encoding="UTF-8"?>

<CodeSystem xmlns="http://hl7.org/fhir">
  <id value="COUNTRYM49"/>
  <text>
    <status value="generated"/><div xmlns="http://www.w3.org/1999/xhtml"><p class="res-header-id"><b>Generated Narrative: CodeSystem COUNTRYM49</b></p><a name="COUNTRYM49"> </a><a name="hcCOUNTRYM49"> </a><a name="COUNTRYM49-en-US"> </a><p>This  code system <code>http://smart.who.int/refmart/CodeSystem/COUNTRYM49</code> defines the following codes:</p><table class="codes"><tr><td style="white-space:nowrap"><b>Code</b></td><td><b>Display</b></td><td><b>Definition</b></td></tr><tr><td style="white-space:nowrap">004<a name="COUNTRYM49-004"> </a></td><td>Afghanistan</td><td>the Islamic Republic of  Afghanistan</td></tr><tr><td style="white-space:nowrap">008<a name="COUNTRYM49-008"> </a></td><td>Albania</td><td>the Republic of Albania</td></tr><tr><td style="white-space:nowrap">012<a name="COUNTRYM49-012"> </a></td><td>Algeria</td><td>the People’s Democratic Republic of Algeria</td></tr><tr><td style="white-space:nowrap">016<a name="COUNTRYM49-016"> </a></td><td>American Samoa</td><td/></tr><tr><td style="white-space:nowrap">020<a name="COUNTRYM49-020"> </a></td><td>Andorra</td><td>the Principality of Andorra</td></tr><tr><td style="white-space:nowrap">024<a name="COUNTRYM49-024"> </a></td><td>Angola</td><td>the Republic of Angola</td></tr><tr><td style="white-space:nowrap">028<a name="COUNTRYM49-028"> </a></td><td>Antigua and Barbuda</td><td>Antigua and Barbuda</td></tr><tr><td style="white-space:nowrap">031<a name="COUNTRYM49-031"> </a></td><td>Azerbaijan</td><td>the Republic of Azerbaijan</td></tr><tr><td style="white-space:nowrap">032<a name="COUNTRYM49-032"> </a></td><td>Argentina</td><td>the Argentine Republic</td></tr><tr><td style="white-space:nowrap">036<a name="COUNTRYM49-036"> </a></td><td>Australia</td><td>Australia</td></tr><tr><td style="white-space:nowrap">040<a name="COUNTRYM49-040"> </a></td><td>Austria</td><td>the Republic of Austria</td></tr><tr><td style="white-space:nowrap">044<a name="COUNTRYM49-044"> </a></td><td>Bahamas</td><td>the Commonwealth of the Bahamas</td></tr><tr><td style="white-space:nowrap">048<a name="COUNTRYM49-048"> </a></td><td>Bahrain</td><td>the Kingdom of Bahrain</td></tr><tr><td style="white-space:nowrap">050<a name="COUNTRYM49-050"> </a></td><td>Bangladesh</td><td>the People’s Republic of Bangladesh</td></tr><tr><td style="white-space:nowrap">051<a name="COUNTRYM49-051"> </a></td><td>Armenia</td><td>the Republic of Armenia</td></tr><tr><td style="white-space:nowrap">052<a name="COUNTRYM49-052"> </a></td><td>Barbados</td><td>Barbados</td></tr><tr><td style="white-space:nowrap">056<a name="COUNTRYM49-056"> </a></td><td>Belgium</td><td>the Kingdom of Belgium</td></tr><tr><td style="white-space:nowrap">060<a name="COUNTRYM49-060"> </a></td><td>Bermuda</td><td/></tr><tr><td style="white-space:nowrap">064<a name="COUNTRYM49-064"> </a></td><td>Bhutan</td><td>the Kingdom of Bhutan</td></tr><tr><td style="white-space:nowrap">068<a name="COUNTRYM49-068"> </a></td><td>Bolivia (Plurinational State of)</td><td>the Plurinational State of Bolivia</td></tr><tr><td style="white-space:nowrap">070<a name="COUNTRYM49-070"> </a></td><td>Bosnia and Herzegovina</td><td>Bosnia and Herzegovina</td></tr><tr><td style="white-space:nowrap">072<a name="COUNTRYM49-072"> </a></td><td>Botswana</td><td>the Republic of Botswana</td></tr><tr><td style="white-space:nowrap">074<a name="COUNTRYM49-074"> </a></td><td>Bouvet Island</td><td/></tr><tr><td style="white-space:nowrap">076<a name="COUNTRYM49-076"> </a></td><td>Brazil</td><td>the Federative Republic of Brazil</td></tr><tr><td style="white-space:nowrap">084<a name="COUNTRYM49-084"> </a></td><td>Belize</td><td>Belize</td></tr><tr><td style="white-space:nowrap">086<a name="COUNTRYM49-086"> </a></td><td>British Indian Ocean Territory</td><td/></tr><tr><td style="white-space:nowrap">090<a name="COUNTRYM49-090"> </a></td><td>Solomon Islands</td><td>Solomon Islands</td></tr><tr><td style="white-space:nowrap">092<a name="COUNTRYM49-092"> </a></td><td>British Virgin Islands</td><td/></tr><tr><td style="white-space:nowrap">096<a name="COUNTRYM49-096"> </a></td><td>Brunei Darussalam</td><td>Brunei Darussalam</td></tr><tr><td style="white-space:nowrap">100<a name="COUNTRYM49-100"> </a></td><td>Bulgaria</td><td>the Republic of Bulgaria</td></tr><tr><td style="white-space:nowrap">104<a name="COUNTRYM49-104"> </a></td><td>Myanmar</td><td>the Republic of the Union of Myanmar</td></tr><tr><td style="white-space:nowrap">108<a name="COUNTRYM49-108"> </a></td><td>Burundi</td><td>the Republic of Burundi</td></tr><tr><td style="white-space:nowrap">112<a name="COUNTRYM49-112"> </a></td><td>Belarus</td><td>the Republic of Belarus</td></tr><tr><td style="white-space:nowrap">116<a name="COUNTRYM49-116"> </a></td><td>Cambodia</td><td>the Kingdom of Cambodia</td></tr><tr><td style="white-space:nowrap">120<a name="COUNTRYM49-120"> </a></td><td>Cameroon</td><td>the Republic of Cameroon</td></tr><tr><td style="white-space:nowrap">124<a name="COUNTRYM49-124"> </a></td><td>Canada</td><td>Canada</td></tr><tr><td style="white-space:nowrap">132<a name="COUNTRYM49-132"> </a></td><td>Cabo Verde</td><td>the Republic of Cabo Verde</td></tr><tr><td style="white-space:nowrap">136<a name="COUNTRYM49-136"> </a></td><td>Cayman Islands</td><td/></tr><tr><td style="white-space:nowrap">140<a name="COUNTRYM49-140"> </a></td><td>Central African Republic</td><td>the Central African Republic</td></tr><tr><td style="white-space:nowrap">144<a name="COUNTRYM49-144"> </a></td><td>Sri Lanka</td><td>the Democratic Socialist Republic of Sri Lanka</td></tr><tr><td style="white-space:nowrap">148<a name="COUNTRYM49-148"> </a></td><td>Chad</td><td>the Republic of Chad</td></tr><tr><td style="white-space:nowrap">152<a name="COUNTRYM49-152"> </a></td><td>Chile</td><td>the Republic of Chile</td></tr><tr><td style="white-space:nowrap">156<a name="COUNTRYM49-156"> </a></td><td>China</td><td>the People’s Republic of China</td></tr><tr><td style="white-space:nowrap">158<a name="COUNTRYM49-158"> </a></td><td>Taiwan, China</td><td/></tr><tr><td style="white-space:nowrap">162<a name="COUNTRYM49-162"> </a></td><td>Christmas Island</td><td/></tr><tr><td style="white-space:nowrap">166<a name="COUNTRYM49-166"> </a></td><td>Cocos (Keeling) Islands</td><td/></tr><tr><td style="white-space:nowrap">170<a name="COUNTRYM49-170"> </a></td><td>Colombia</td><td>the Republic of Colombia</td></tr><tr><td style="white-space:nowrap">174<a name="COUNTRYM49-174"> </a></td><td>Comoros</td><td>the Union of the Comoros</td></tr><tr><td style="white-space:nowrap">175<a name="COUNTRYM49-175"> </a></td><td>Mayotte</td><td/></tr><tr><td style="white-space:nowrap">178<a name="COUNTRYM49-178"> </a></td><td>Congo</td><td>the Republic of the Congo</td></tr><tr><td style="white-space:nowrap">180<a name="COUNTRYM49-180"> </a></td><td>Democratic Republic of the Congo</td><td>the Democratic Republic of the Congo</td></tr><tr><td style="white-space:nowrap">184<a name="COUNTRYM49-184"> </a></td><td>Cook Islands</td><td>the Cook Islands</td></tr><tr><td style="white-space:nowrap">188<a name="COUNTRYM49-188"> </a></td><td>Costa Rica</td><td>the Republic of Costa Rica</td></tr><tr><td style="white-space:nowrap">191<a name="COUNTRYM49-191"> </a></td><td>Croatia</td><td>the Republic of Croatia</td></tr><tr><td style="white-space:nowrap">192<a name="COUNTRYM49-192"> </a></td><td>Cuba</td><td>the Republic of Cuba</td></tr><tr><td style="white-space:nowrap">196<a name="COUNTRYM49-196"> </a></td><td>Cyprus</td><td>the Republic of Cyprus</td></tr><tr><td style="white-space:nowrap">203<a name="COUNTRYM49-203"> </a></td><td>Czechia</td><td>the Czech Republic</td></tr><tr><td style="white-space:nowrap">204<a name="COUNTRYM49-204"> </a></td><td>Benin</td><td>the Republic of Benin</td></tr><tr><td style="white-space:nowrap">208<a name="COUNTRYM49-208"> </a></td><td>Denmark</td><td>the Kingdom of Denmark</td></tr><tr><td style="white-space:nowrap">212<a name="COUNTRYM49-212"> </a></td><td>Dominica</td><td>the Commonwealth of Dominica</td></tr><tr><td style="white-space:nowrap">214<a name="COUNTRYM49-214"> </a></td><td>Dominican Republic</td><td>the Dominican Republic</td></tr><tr><td style="white-space:nowrap">218<a name="COUNTRYM49-218"> </a></td><td>Ecuador</td><td>the Republic of Ecuador</td></tr><tr><td style="white-space:nowrap">222<a name="COUNTRYM49-222"> </a></td><td>El Salvador</td><td>the Republic of El Salvador</td></tr><tr><td style="white-space:nowrap">226<a name="COUNTRYM49-226"> </a></td><td>Equatorial Guinea</td><td>the Republic of Equatorial Guinea</td></tr><tr><td style="white-space:nowrap">231<a name="COUNTRYM49-231"> </a></td><td>Ethiopia</td><td>the Federal Democratic Republic of Ethiopia</td></tr><tr><td style="white-space:nowrap">232<a name="COUNTRYM49-232"> </a></td><td>Eritrea</td><td>Eritrea</td></tr><tr><td style="white-space:nowrap">233<a name="COUNTRYM49-233"> </a></td><td>Estonia</td><td>the Republic of Estonia</td></tr><tr><td style="white-space:nowrap">234<a name="COUNTRYM49-234"> </a></td><td>Faroe Islands</td><td/></tr><tr><td style="white-space:nowrap">238<a name="COUNTRYM49-238"> </a></td><td>Falkland Islands (Malvinas)</td><td/></tr><tr><td style="white-space:nowrap">239<a name="COUNTRYM49-239"> </a></td><td>South Georgia and the South Sandwich Islands</td><td/></tr><tr><td style="white-space:nowrap">242<a name="COUNTRYM49-242"> </a></td><td>Fiji</td><td>the Republic of Fiji</td></tr><tr><td style="white-space:nowrap">246<a name="COUNTRYM49-246"> </a></td><td>Finland</td><td>the Republic of Finland</td></tr><tr><td style="white-space:nowrap">248<a name="COUNTRYM49-248"> </a></td><td>Åland Islands</td><td/></tr><tr><td style="white-space:nowrap">250<a name="COUNTRYM49-250"> </a></td><td>France</td><td>the French Republic</td></tr><tr><td style="white-space:nowrap">254<a name="COUNTRYM49-254"> </a></td><td>French Guiana</td><td/></tr><tr><td style="white-space:nowrap">258<a name="COUNTRYM49-258"> </a></td><td>French Polynesia</td><td/></tr><tr><td style="white-space:nowrap">260<a name="COUNTRYM49-260"> </a></td><td>French Southern Territories</td><td/></tr><tr><td style="white-space:nowrap">262<a name="COUNTRYM49-262"> </a></td><td>Djibouti</td><td>the Republic of Djibouti</td></tr><tr><td style="white-space:nowrap">266<a name="COUNTRYM49-266"> </a></td><td>Gabon</td><td>the Gabonese Republic</td></tr><tr><td style="white-space:nowrap">268<a name="COUNTRYM49-268"> </a></td><td>Georgia</td><td>Georgia</td></tr><tr><td style="white-space:nowrap">270<a name="COUNTRYM49-270"> </a></td><td>Gambia</td><td>Republic of the Gambia</td></tr><tr><td style="white-space:nowrap">275<a name="COUNTRYM49-275"> </a></td><td>occupied Palestinian territory, including east Jerusalem</td><td/></tr><tr><td style="white-space:nowrap">276<a name="COUNTRYM49-276"> </a></td><td>Germany</td><td>the Federal Republic of Germany</td></tr><tr><td style="white-space:nowrap">288<a name="COUNTRYM49-288"> </a></td><td>Ghana</td><td>the Republic of Ghana</td></tr><tr><td style="white-space:nowrap">292<a name="COUNTRYM49-292"> </a></td><td>Gibraltar</td><td/></tr><tr><td style="white-space:nowrap">296<a name="COUNTRYM49-296"> </a></td><td>Kiribati</td><td>the Republic of Kiribati</td></tr><tr><td style="white-space:nowrap">300<a name="COUNTRYM49-300"> </a></td><td>Greece</td><td>the Hellenic Republic</td></tr><tr><td style="white-space:nowrap">304<a name="COUNTRYM49-304"> </a></td><td>Greenland</td><td/></tr><tr><td style="white-space:nowrap">308<a name="COUNTRYM49-308"> </a></td><td>Grenada</td><td>Grenada</td></tr><tr><td style="white-space:nowrap">312<a name="COUNTRYM49-312"> </a></td><td>Guadeloupe</td><td/></tr><tr><td style="white-space:nowrap">316<a name="COUNTRYM49-316"> </a></td><td>Guam</td><td/></tr><tr><td style="white-space:nowrap">320<a name="COUNTRYM49-320"> </a></td><td>Guatemala</td><td>the Republic of Guatemala</td></tr><tr><td style="white-space:nowrap">324<a name="COUNTRYM49-324"> </a></td><td>Guinea</td><td>the Republic of Guinea</td></tr><tr><td style="white-space:nowrap">328<a name="COUNTRYM49-328"> </a></td><td>Guyana</td><td>the Republic of Guyana</td></tr><tr><td style="white-space:nowrap">332<a name="COUNTRYM49-332"> </a></td><td>Haiti</td><td>the Republic of Haiti</td></tr><tr><td style="white-space:nowrap">334<a name="COUNTRYM49-334"> </a></td><td>Heard Island and McDonald Islands</td><td/></tr><tr><td style="white-space:nowrap">336<a name="COUNTRYM49-336"> </a></td><td>Holy See</td><td/></tr><tr><td style="white-space:nowrap">340<a name="COUNTRYM49-340"> </a></td><td>Honduras</td><td>the Republic of Honduras</td></tr><tr><td style="white-space:nowrap">344<a name="COUNTRYM49-344"> </a></td><td>China, Hong Kong SAR</td><td>China, Hong Kong Special Administrative REGION</td></tr><tr><td style="white-space:nowrap">348<a name="COUNTRYM49-348"> </a></td><td>Hungary</td><td>Hungary</td></tr><tr><td style="white-space:nowrap">352<a name="COUNTRYM49-352"> </a></td><td>Iceland</td><td>Iceland</td></tr><tr><td style="white-space:nowrap">356<a name="COUNTRYM49-356"> </a></td><td>India</td><td>the Republic of India</td></tr><tr><td style="white-space:nowrap">360<a name="COUNTRYM49-360"> </a></td><td>Indonesia</td><td>the Republic of Indonesia</td></tr><tr><td style="white-space:nowrap">364<a name="COUNTRYM49-364"> </a></td><td>Iran (Islamic Republic of)</td><td>the Islamic Republic of Iran</td></tr><tr><td style="white-space:nowrap">368<a name="COUNTRYM49-368"> </a></td><td>Iraq</td><td>the Republic of Iraq</td></tr><tr><td style="white-space:nowrap">372<a name="COUNTRYM49-372"> </a></td><td>Ireland</td><td>Ireland</td></tr><tr><td style="white-space:nowrap">376<a name="COUNTRYM49-376"> </a></td><td>Israel</td><td>the State of Israel</td></tr><tr><td style="white-space:nowrap">380<a name="COUNTRYM49-380"> </a></td><td>Italy</td><td>the Republic of Italy</td></tr><tr><td style="white-space:nowrap">384<a name="COUNTRYM49-384"> </a></td><td>Côte d’Ivoire</td><td>the Republic of Côte d'Ivoire</td></tr><tr><td style="white-space:nowrap">388<a name="COUNTRYM49-388"> </a></td><td>Jamaica</td><td>Jamaica</td></tr><tr><td style="white-space:nowrap">392<a name="COUNTRYM49-392"> </a></td><td>Japan</td><td>Japan</td></tr><tr><td style="white-space:nowrap">398<a name="COUNTRYM49-398"> </a></td><td>Kazakhstan</td><td>the Republic of Kazakhstan</td></tr><tr><td style="white-space:nowrap">400<a name="COUNTRYM49-400"> </a></td><td>Jordan</td><td>the Hashemite Kingdom of Jordan</td></tr><tr><td style="white-space:nowrap">404<a name="COUNTRYM49-404"> </a></td><td>Kenya</td><td>the Republic of Kenya</td></tr><tr><td style="white-space:nowrap">408<a name="COUNTRYM49-408"> </a></td><td>Democratic People's Republic of Korea</td><td>the Democratic People's Republic of Korea</td></tr><tr><td style="white-space:nowrap">410<a name="COUNTRYM49-410"> </a></td><td>Republic of Korea</td><td>the Republic of Korea</td></tr><tr><td style="white-space:nowrap">412<a name="COUNTRYM49-412"> </a></td><td>Kosovo (in accordance with UN Security Council resolution 1244 (1999))</td><td>Kosovo (in accordance with UN Security Council resolution 1244 (1999))</td></tr><tr><td style="white-space:nowrap">414<a name="COUNTRYM49-414"> </a></td><td>Kuwait</td><td>the State of Kuwait</td></tr><tr><td style="white-space:nowrap">417<a name="COUNTRYM49-417"> </a></td><td>Kyrgyzstan</td><td>the Kyrgyz Republic</td></tr><tr><td style="white-space:nowrap">418<a name="COUNTRYM49-418"> </a></td><td>Lao People's Democratic Republic</td><td>the Lao People's Democratic Republic</td></tr><tr><td style="white-space:nowrap">422<a name="COUNTRYM49-422"> </a></td><td>Lebanon</td><td>the Lebanese Republic</td></tr><tr><td style="white-space:nowrap">426<a name="COUNTRYM49-426"> </a></td><td>Lesotho</td><td>the Kingdom of Lesotho</td></tr><tr><td style="white-space:nowrap">428<a name="COUNTRYM49-428"> </a></td><td>Latvia</td><td>the Republic of Latvia</td></tr><tr><td style="white-space:nowrap">430<a name="COUNTRYM49-430"> </a></td><td>Liberia</td><td>the Republic of Liberia</td></tr><tr><td style="white-space:nowrap">434<a name="COUNTRYM49-434"> </a></td><td>Libya</td><td>State of Libya</td></tr><tr><td style="white-space:nowrap">438<a name="COUNTRYM49-438"> </a></td><td>Liechtenstein</td><td/></tr><tr><td style="white-space:nowrap">440<a name="COUNTRYM49-440"> </a></td><td>Lithuania</td><td>the Republic of Lithuania</td></tr><tr><td style="white-space:nowrap">442<a name="COUNTRYM49-442"> </a></td><td>Luxembourg</td><td>the Grand Duchy of Luxembourg</td></tr><tr><td style="white-space:nowrap">446<a name="COUNTRYM49-446"> </a></td><td>China, Macao SAR</td><td>China, Macao Special Administrative REGION</td></tr><tr><td style="white-space:nowrap">450<a name="COUNTRYM49-450"> </a></td><td>Madagascar</td><td>the Republic of Madagascar</td></tr><tr><td style="white-space:nowrap">454<a name="COUNTRYM49-454"> </a></td><td>Malawi</td><td>the Republic of Malawi</td></tr><tr><td style="white-space:nowrap">458<a name="COUNTRYM49-458"> </a></td><td>Malaysia</td><td>Malaysia</td></tr><tr><td style="white-space:nowrap">462<a name="COUNTRYM49-462"> </a></td><td>Maldives</td><td>the Republic of Maldives</td></tr><tr><td style="white-space:nowrap">466<a name="COUNTRYM49-466"> </a></td><td>Mali</td><td>the Republic of Mali</td></tr><tr><td style="white-space:nowrap">470<a name="COUNTRYM49-470"> </a></td><td>Malta</td><td>the Republic of Malta</td></tr><tr><td style="white-space:nowrap">474<a name="COUNTRYM49-474"> </a></td><td>Martinique</td><td/></tr><tr><td style="white-space:nowrap">478<a name="COUNTRYM49-478"> </a></td><td>Mauritania</td><td>the Islamic Republic of Mauritania</td></tr><tr><td style="white-space:nowrap">480<a name="COUNTRYM49-480"> </a></td><td>Mauritius</td><td>the Republic of Mauritius</td></tr><tr><td style="white-space:nowrap">484<a name="COUNTRYM49-484"> </a></td><td>Mexico</td><td>the United Mexican States</td></tr><tr><td style="white-space:nowrap">492<a name="COUNTRYM49-492"> </a></td><td>Monaco</td><td>the Principality of Monaco</td></tr><tr><td style="white-space:nowrap">496<a name="COUNTRYM49-496"> </a></td><td>Mongolia</td><td>Mongolia</td></tr><tr><td style="white-space:nowrap">498<a name="COUNTRYM49-498"> </a></td><td>Republic of Moldova</td><td>the Republic of Moldova</td></tr><tr><td style="white-space:nowrap">499<a name="COUNTRYM49-499"> </a></td><td>Montenegro</td><td>Montenegro</td></tr><tr><td style="white-space:nowrap">500<a name="COUNTRYM49-500"> </a></td><td>Montserrat</td><td/></tr><tr><td style="white-space:nowrap">504<a name="COUNTRYM49-504"> </a></td><td>Morocco</td><td>the Kingdom of Morocco</td></tr><tr><td style="white-space:nowrap">508<a name="COUNTRYM49-508"> </a></td><td>Mozambique</td><td>the Republic of Mozambique</td></tr><tr><td style="white-space:nowrap">512<a name="COUNTRYM49-512"> </a></td><td>Oman</td><td>the Sultanate of Oman</td></tr><tr><td style="white-space:nowrap">516<a name="COUNTRYM49-516"> </a></td><td>Namibia</td><td>the Republic of Namibia</td></tr><tr><td style="white-space:nowrap">520<a name="COUNTRYM49-520"> </a></td><td>Nauru</td><td>the Republic of Nauru</td></tr><tr><td style="white-space:nowrap">524<a name="COUNTRYM49-524"> </a></td><td>Nepal</td><td>the Federal Democratic Republic of Nepal</td></tr><tr><td style="white-space:nowrap">528<a name="COUNTRYM49-528"> </a></td><td>Netherlands (Kingdom of the)</td><td>the Kingdom of  the Netherlands</td></tr><tr><td style="white-space:nowrap">531<a name="COUNTRYM49-531"> </a></td><td>Curaçao</td><td/></tr><tr><td style="white-space:nowrap">533<a name="COUNTRYM49-533"> </a></td><td>Aruba</td><td/></tr><tr><td style="white-space:nowrap">534<a name="COUNTRYM49-534"> </a></td><td>Sint Maarten (Dutch part)</td><td/></tr><tr><td style="white-space:nowrap">535<a name="COUNTRYM49-535"> </a></td><td>Bonaire, Sint Eustatius and Saba</td><td>Bonaire, Sint Eustatius and Saba</td></tr><tr><td style="white-space:nowrap">540<a name="COUNTRYM49-540"> </a></td><td>New Caledonia</td><td/></tr><tr><td style="white-space:nowrap">548<a name="COUNTRYM49-548"> </a></td><td>Vanuatu</td><td>the Republic of Vanuatu</td></tr><tr><td style="white-space:nowrap">554<a name="COUNTRYM49-554"> </a></td><td>New Zealand</td><td>New Zealand</td></tr><tr><td style="white-space:nowrap">558<a name="COUNTRYM49-558"> </a></td><td>Nicaragua</td><td>the Republic of Nicaragua</td></tr><tr><td style="white-space:nowrap">562<a name="COUNTRYM49-562"> </a></td><td>Niger</td><td>the Republic of the Niger</td></tr><tr><td style="white-space:nowrap">566<a name="COUNTRYM49-566"> </a></td><td>Nigeria</td><td>the Federal Republic of Nigeria</td></tr><tr><td style="white-space:nowrap">570<a name="COUNTRYM49-570"> </a></td><td>Niue</td><td>the Republic of Niue</td></tr><tr><td style="white-space:nowrap">574<a name="COUNTRYM49-574"> </a></td><td>Norfolk Island</td><td/></tr><tr><td style="white-space:nowrap">578<a name="COUNTRYM49-578"> </a></td><td>Norway</td><td>the Kingdom of Norway</td></tr><tr><td style="white-space:nowrap">580<a name="COUNTRYM49-580"> </a></td><td>Northern Mariana Islands</td><td/></tr><tr><td style="white-space:nowrap">581<a name="COUNTRYM49-581"> </a></td><td>United States Minor Outlying Islands</td><td/></tr><tr><td style="white-space:nowrap">583<a name="COUNTRYM49-583"> </a></td><td>Micronesia (Federated States of)</td><td>the Federated States of Micronesia</td></tr><tr><td style="white-space:nowrap">584<a name="COUNTRYM49-584"> </a></td><td>Marshall Islands</td><td>the Republic of the  Marshall Islands</td></tr><tr><td style="white-space:nowrap">585<a name="COUNTRYM49-585"> </a></td><td>Palau</td><td>the Republic of Palau</td></tr><tr><td style="white-space:nowrap">586<a name="COUNTRYM49-586"> </a></td><td>Pakistan</td><td>the Islamic Republic of Pakistan</td></tr><tr><td style="white-space:nowrap">591<a name="COUNTRYM49-591"> </a></td><td>Panama</td><td>the Republic of Panama</td></tr><tr><td style="white-space:nowrap">598<a name="COUNTRYM49-598"> </a></td><td>Papua New Guinea</td><td>Independent State of Papua New Guinea</td></tr><tr><td style="white-space:nowrap">600<a name="COUNTRYM49-600"> </a></td><td>Paraguay</td><td>the Republic of Paraguay</td></tr><tr><td style="white-space:nowrap">604<a name="COUNTRYM49-604"> </a></td><td>Peru</td><td>the Republic of Peru</td></tr><tr><td style="white-space:nowrap">608<a name="COUNTRYM49-608"> </a></td><td>Philippines</td><td>the Republic of the Philippines</td></tr><tr><td style="white-space:nowrap">612<a name="COUNTRYM49-612"> </a></td><td>Pitcairn</td><td/></tr><tr><td style="white-space:nowrap">616<a name="COUNTRYM49-616"> </a></td><td>Poland</td><td>the Republic of Poland</td></tr><tr><td style="white-space:nowrap">620<a name="COUNTRYM49-620"> </a></td><td>Portugal</td><td>the Portuguese Republic</td></tr><tr><td style="white-space:nowrap">624<a name="COUNTRYM49-624"> </a></td><td>Guinea-Bissau</td><td>the Republic of Guinea-Bissau</td></tr><tr><td style="white-space:nowrap">626<a name="COUNTRYM49-626"> </a></td><td>Timor-Leste</td><td>the Democratic Republic of Timor-Leste</td></tr><tr><td style="white-space:nowrap">630<a name="COUNTRYM49-630"> </a></td><td>Puerto Rico</td><td>Puerto Rico</td></tr><tr><td style="white-space:nowrap">634<a name="COUNTRYM49-634"> </a></td><td>Qatar</td><td>the State of Qatar</td></tr><tr><td style="white-space:nowrap">638<a name="COUNTRYM49-638"> </a></td><td>Réunion</td><td/></tr><tr><td style="white-space:nowrap">642<a name="COUNTRYM49-642"> </a></td><td>Romania</td><td>Romania</td></tr><tr><td style="white-space:nowrap">643<a name="COUNTRYM49-643"> </a></td><td>Russian Federation</td><td>the Russian Federation</td></tr><tr><td style="white-space:nowrap">646<a name="COUNTRYM49-646"> </a></td><td>Rwanda</td><td>the Republic of Rwanda</td></tr><tr><td style="white-space:nowrap">652<a name="COUNTRYM49-652"> </a></td><td>Saint Barthélemy</td><td/></tr><tr><td style="white-space:nowrap">654<a name="COUNTRYM49-654"> </a></td><td>Saint Helena</td><td/></tr><tr><td style="white-space:nowrap">659<a name="COUNTRYM49-659"> </a></td><td>Saint Kitts and Nevis</td><td>Saint Kitts and Nevis</td></tr><tr><td style="white-space:nowrap">660<a name="COUNTRYM49-660"> </a></td><td>Anguilla</td><td/></tr><tr><td style="white-space:nowrap">662<a name="COUNTRYM49-662"> </a></td><td>Saint Lucia</td><td>Saint Lucia</td></tr><tr><td style="white-space:nowrap">663<a name="COUNTRYM49-663"> </a></td><td>Saint Martin (French part)</td><td/></tr><tr><td style="white-space:nowrap">666<a name="COUNTRYM49-666"> </a></td><td>Saint Pierre and Miquelon</td><td/></tr><tr><td style="white-space:nowrap">670<a name="COUNTRYM49-670"> </a></td><td>Saint Vincent and the Grenadines</td><td>Saint Vincent and the Grenadines</td></tr><tr><td style="white-space:nowrap">674<a name="COUNTRYM49-674"> </a></td><td>San Marino</td><td>the Republic of San Marino</td></tr><tr><td style="white-space:nowrap">678<a name="COUNTRYM49-678"> </a></td><td>Sao Tome and Principe</td><td>the Democratic Republic of Sao Tome and Principe</td></tr><tr><td style="white-space:nowrap">682<a name="COUNTRYM49-682"> </a></td><td>Saudi Arabia</td><td>the Kingdom of Saudi Arabia</td></tr><tr><td style="white-space:nowrap">686<a name="COUNTRYM49-686"> </a></td><td>Senegal</td><td>the Republic of Senegal</td></tr><tr><td style="white-space:nowrap">688<a name="COUNTRYM49-688"> </a></td><td>Serbia</td><td>the Republic of Serbia</td></tr><tr><td style="white-space:nowrap">690<a name="COUNTRYM49-690"> </a></td><td>Seychelles</td><td>the Republic of Seychelles</td></tr><tr><td style="white-space:nowrap">694<a name="COUNTRYM49-694"> </a></td><td>Sierra Leone</td><td>the Republic of Sierra Leone</td></tr><tr><td style="white-space:nowrap">702<a name="COUNTRYM49-702"> </a></td><td>Singapore</td><td>the Republic of Singapore</td></tr><tr><td style="white-space:nowrap">703<a name="COUNTRYM49-703"> </a></td><td>Slovakia</td><td>the Slovak Republic</td></tr><tr><td style="white-space:nowrap">704<a name="COUNTRYM49-704"> </a></td><td>Viet Nam</td><td>the Socialist Republic of Viet Nam</td></tr><tr><td style="white-space:nowrap">705<a name="COUNTRYM49-705"> </a></td><td>Slovenia</td><td>the Republic of Slovenia</td></tr><tr><td style="white-space:nowrap">706<a name="COUNTRYM49-706"> </a></td><td>Somalia</td><td>the Federal Republic of Somalia</td></tr><tr><td style="white-space:nowrap">710<a name="COUNTRYM49-710"> </a></td><td>South Africa</td><td>the Republic of South Africa</td></tr><tr><td style="white-space:nowrap">716<a name="COUNTRYM49-716"> </a></td><td>Zimbabwe</td><td>the Republic of Zimbabwe</td></tr><tr><td style="white-space:nowrap">724<a name="COUNTRYM49-724"> </a></td><td>Spain</td><td>the Kingdom of Spain</td></tr><tr><td style="white-space:nowrap">728<a name="COUNTRYM49-728"> </a></td><td>South Sudan</td><td>the Republic of South Sudan</td></tr><tr><td style="white-space:nowrap">729<a name="COUNTRYM49-729"> </a></td><td>Sudan</td><td>the Republic of the Sudan</td></tr><tr><td style="white-space:nowrap">732<a name="COUNTRYM49-732"> </a></td><td>Western Sahara</td><td/></tr><tr><td style="white-space:nowrap">740<a name="COUNTRYM49-740"> </a></td><td>Suriname</td><td>the Republic of Suriname</td></tr><tr><td style="white-space:nowrap">744<a name="COUNTRYM49-744"> </a></td><td>Svalbard and Jan Mayen</td><td/></tr><tr><td style="white-space:nowrap">748<a name="COUNTRYM49-748"> </a></td><td>Eswatini</td><td>the Kingdom of Eswatini</td></tr><tr><td style="white-space:nowrap">752<a name="COUNTRYM49-752"> </a></td><td>Sweden</td><td>the Kingdom of Sweden</td></tr><tr><td style="white-space:nowrap">756<a name="COUNTRYM49-756"> </a></td><td>Switzerland</td><td>the Swiss Confederation</td></tr><tr><td style="white-space:nowrap">760<a name="COUNTRYM49-760"> </a></td><td>Syrian Arab Republic</td><td>the Syrian Arab Republic</td></tr><tr><td style="white-space:nowrap">762<a name="COUNTRYM49-762"> </a></td><td>Tajikistan</td><td>the Republic of Tajikistan</td></tr><tr><td style="white-space:nowrap">764<a name="COUNTRYM49-764"> </a></td><td>Thailand</td><td>the Kingdom of Thailand</td></tr><tr><td style="white-space:nowrap">768<a name="COUNTRYM49-768"> </a></td><td>Togo</td><td>the Togolese Republic</td></tr><tr><td style="white-space:nowrap">772<a name="COUNTRYM49-772"> </a></td><td>Tokelau</td><td>Tokelau</td></tr><tr><td style="white-space:nowrap">776<a name="COUNTRYM49-776"> </a></td><td>Tonga</td><td>the Kingdom of Tonga</td></tr><tr><td style="white-space:nowrap">780<a name="COUNTRYM49-780"> </a></td><td>Trinidad and Tobago</td><td>the Republic of Trinidad and Tobago</td></tr><tr><td style="white-space:nowrap">784<a name="COUNTRYM49-784"> </a></td><td>United Arab Emirates</td><td>the United Arab Emirates</td></tr><tr><td style="white-space:nowrap">788<a name="COUNTRYM49-788"> </a></td><td>Tunisia</td><td>the Republic of Tunisia</td></tr><tr><td style="white-space:nowrap">792<a name="COUNTRYM49-792"> </a></td><td>Türkiye</td><td>the Republic of Türkiye</td></tr><tr><td style="white-space:nowrap">795<a name="COUNTRYM49-795"> </a></td><td>Turkmenistan</td><td>Turkmenistan</td></tr><tr><td style="white-space:nowrap">796<a name="COUNTRYM49-796"> </a></td><td>Turks and Caicos Islands</td><td/></tr><tr><td style="white-space:nowrap">798<a name="COUNTRYM49-798"> </a></td><td>Tuvalu</td><td>Tuvalu</td></tr><tr><td style="white-space:nowrap">800<a name="COUNTRYM49-800"> </a></td><td>Uganda</td><td>the Republic of Uganda</td></tr><tr><td style="white-space:nowrap">804<a name="COUNTRYM49-804"> </a></td><td>Ukraine</td><td>Ukraine</td></tr><tr><td style="white-space:nowrap">807<a name="COUNTRYM49-807"> </a></td><td>North Macedonia</td><td>the Republic of North Macedonia</td></tr><tr><td style="white-space:nowrap">818<a name="COUNTRYM49-818"> </a></td><td>Egypt</td><td>the Arab Republic of Egypt</td></tr><tr><td style="white-space:nowrap">826<a name="COUNTRYM49-826"> </a></td><td>United Kingdom of Great Britain and Northern Ireland</td><td>the United Kingdom of Great Britain and Northern Ireland</td></tr><tr><td style="white-space:nowrap">831<a name="COUNTRYM49-831"> </a></td><td>Guernsey</td><td/></tr><tr><td style="white-space:nowrap">832<a name="COUNTRYM49-832"> </a></td><td>Jersey</td><td/></tr><tr><td style="white-space:nowrap">833<a name="COUNTRYM49-833"> </a></td><td>Isle of Man</td><td/></tr><tr><td style="white-space:nowrap">834<a name="COUNTRYM49-834"> </a></td><td>United Republic of Tanzania</td><td>the United Republic of Tanzania</td></tr><tr><td style="white-space:nowrap">840<a name="COUNTRYM49-840"> </a></td><td>United States of America</td><td>the United States of America</td></tr><tr><td style="white-space:nowrap">850<a name="COUNTRYM49-850"> </a></td><td>United States Virgin Islands</td><td/></tr><tr><td style="white-space:nowrap">854<a name="COUNTRYM49-854"> </a></td><td>Burkina Faso</td><td>Burkina Faso</td></tr><tr><td style="white-space:nowrap">858<a name="COUNTRYM49-858"> </a></td><td>Uruguay</td><td>the Eastern Republic of Uruguay</td></tr><tr><td style="white-space:nowrap">860<a name="COUNTRYM49-860"> </a></td><td>Uzbekistan</td><td>the Republic of Uzbekistan</td></tr><tr><td style="white-space:nowrap">862<a name="COUNTRYM49-862"> </a></td><td>Venezuela (Bolivarian Republic of)</td><td>the Bolivarian Republic of Venezuela</td></tr><tr><td style="white-space:nowrap">876<a name="COUNTRYM49-876"> </a></td><td>Wallis and Futuna</td><td/></tr><tr><td style="white-space:nowrap">882<a name="COUNTRYM49-882"> </a></td><td>Samoa</td><td>the Independent State of Samoa</td></tr><tr><td style="white-space:nowrap">887<a name="COUNTRYM49-887"> </a></td><td>Yemen</td><td>the Republic of Yemen</td></tr><tr><td style="white-space:nowrap">894<a name="COUNTRYM49-894"> </a></td><td>Zambia</td><td>the Republic of Zambia</td></tr></table></div>
  </text>
  <url value="http://smart.who.int/refmart/CodeSystem/COUNTRYM49"/>
  <version value="0.1.0"/>
  <name value="COUNTRYM49"/>
  <title value="WHO RefMart Country List M49 Codes"/>
  <status value="active"/>
  <experimental value="true"/>
  <date value="2025-04-08T14:10:31+00:00"/>
  <publisher value="WHO"/>
  <contact>
    <name value="WHO"/>
    <telecom>
      <system value="url"/>
      <value value="http://who.int"/>
    </telecom>
  </contact>
  <description value="CodeSystem for M49 code from WHO RefMart Country and Jurisidiction List available at https://xmart-api-public.who.int/REFMART/REF_COUNTRY"/>
  <jurisdiction>
    <coding>
      <system value="http://unstats.un.org/unsd/methods/m49/m49.htm"/>
      <code value="001"/>
      <display value="World"/>
    </coding>
  </jurisdiction>
  <content value="complete"/>
  <count value="249"/>
  <concept>
    <code value="004"/>
    <display value="Afghanistan"/>
    <definition value="the Islamic Republic of  Afghanistan"/>
  </concept>
  <concept>
    <code value="008"/>
    <display value="Albania"/>
    <definition value="the Republic of Albania"/>
  </concept>
  <concept>
    <code value="012"/>
    <display value="Algeria"/>
    <definition value="the People’s Democratic Republic of Algeria"/>
  </concept>
  <concept>
    <code value="016"/>
    <display value="American Samoa"/>
  </concept>
  <concept>
    <code value="020"/>
    <display value="Andorra"/>
    <definition value="the Principality of Andorra"/>
  </concept>
  <concept>
    <code value="024"/>
    <display value="Angola"/>
    <definition value="the Republic of Angola"/>
  </concept>
  <concept>
    <code value="028"/>
    <display value="Antigua and Barbuda"/>
    <definition value="Antigua and Barbuda"/>
  </concept>
  <concept>
    <code value="031"/>
    <display value="Azerbaijan"/>
    <definition value="the Republic of Azerbaijan"/>
  </concept>
  <concept>
    <code value="032"/>
    <display value="Argentina"/>
    <definition value="the Argentine Republic"/>
  </concept>
  <concept>
    <code value="036"/>
    <display value="Australia"/>
    <definition value="Australia"/>
  </concept>
  <concept>
    <code value="040"/>
    <display value="Austria"/>
    <definition value="the Republic of Austria"/>
  </concept>
  <concept>
    <code value="044"/>
    <display value="Bahamas"/>
    <definition value="the Commonwealth of the Bahamas"/>
  </concept>
  <concept>
    <code value="048"/>
    <display value="Bahrain"/>
    <definition value="the Kingdom of Bahrain"/>
  </concept>
  <concept>
    <code value="050"/>
    <display value="Bangladesh"/>
    <definition value="the People’s Republic of Bangladesh"/>
  </concept>
  <concept>
    <code value="051"/>
    <display value="Armenia"/>
    <definition value="the Republic of Armenia"/>
  </concept>
  <concept>
    <code value="052"/>
    <display value="Barbados"/>
    <definition value="Barbados"/>
  </concept>
  <concept>
    <code value="056"/>
    <display value="Belgium"/>
    <definition value="the Kingdom of Belgium"/>
  </concept>
  <concept>
    <code value="060"/>
    <display value="Bermuda"/>
  </concept>
  <concept>
    <code value="064"/>
    <display value="Bhutan"/>
    <definition value="the Kingdom of Bhutan"/>
  </concept>
  <concept>
    <code value="068"/>
    <display value="Bolivia (Plurinational State of)"/>
    <definition value="the Plurinational State of Bolivia"/>
  </concept>
  <concept>
    <code value="070"/>
    <display value="Bosnia and Herzegovina"/>
    <definition value="Bosnia and Herzegovina"/>
  </concept>
  <concept>
    <code value="072"/>
    <display value="Botswana"/>
    <definition value="the Republic of Botswana"/>
  </concept>
  <concept>
    <code value="074"/>
    <display value="Bouvet Island"/>
  </concept>
  <concept>
    <code value="076"/>
    <display value="Brazil"/>
    <definition value="the Federative Republic of Brazil"/>
  </concept>
  <concept>
    <code value="084"/>
    <display value="Belize"/>
    <definition value="Belize"/>
  </concept>
  <concept>
    <code value="086"/>
    <display value="British Indian Ocean Territory"/>
  </concept>
  <concept>
    <code value="090"/>
    <display value="Solomon Islands"/>
    <definition value="Solomon Islands"/>
  </concept>
  <concept>
    <code value="092"/>
    <display value="British Virgin Islands"/>
  </concept>
  <concept>
    <code value="096"/>
    <display value="Brunei Darussalam"/>
    <definition value="Brunei Darussalam"/>
  </concept>
  <concept>
    <code value="100"/>
    <display value="Bulgaria"/>
    <definition value="the Republic of Bulgaria"/>
  </concept>
  <concept>
    <code value="104"/>
    <display value="Myanmar"/>
    <definition value="the Republic of the Union of Myanmar"/>
  </concept>
  <concept>
    <code value="108"/>
    <display value="Burundi"/>
    <definition value="the Republic of Burundi"/>
  </concept>
  <concept>
    <code value="112"/>
    <display value="Belarus"/>
    <definition value="the Republic of Belarus"/>
  </concept>
  <concept>
    <code value="116"/>
    <display value="Cambodia"/>
    <definition value="the Kingdom of Cambodia"/>
  </concept>
  <concept>
    <code value="120"/>
    <display value="Cameroon"/>
    <definition value="the Republic of Cameroon"/>
  </concept>
  <concept>
    <code value="124"/>
    <display value="Canada"/>
    <definition value="Canada"/>
  </concept>
  <concept>
    <code value="132"/>
    <display value="Cabo Verde"/>
    <definition value="the Republic of Cabo Verde"/>
  </concept>
  <concept>
    <code value="136"/>
    <display value="Cayman Islands"/>
  </concept>
  <concept>
    <code value="140"/>
    <display value="Central African Republic"/>
    <definition value="the Central African Republic"/>
  </concept>
  <concept>
    <code value="144"/>
    <display value="Sri Lanka"/>
    <definition value="the Democratic Socialist Republic of Sri Lanka"/>
  </concept>
  <concept>
    <code value="148"/>
    <display value="Chad"/>
    <definition value="the Republic of Chad"/>
  </concept>
  <concept>
    <code value="152"/>
    <display value="Chile"/>
    <definition value="the Republic of Chile"/>
  </concept>
  <concept>
    <code value="156"/>
    <display value="China"/>
    <definition value="the People’s Republic of China"/>
  </concept>
  <concept>
    <code value="158"/>
    <display value="Taiwan, China"/>
  </concept>
  <concept>
    <code value="162"/>
    <display value="Christmas Island"/>
  </concept>
  <concept>
    <code value="166"/>
    <display value="Cocos (Keeling) Islands"/>
  </concept>
  <concept>
    <code value="170"/>
    <display value="Colombia"/>
    <definition value="the Republic of Colombia"/>
  </concept>
  <concept>
    <code value="174"/>
    <display value="Comoros"/>
    <definition value="the Union of the Comoros"/>
  </concept>
  <concept>
    <code value="175"/>
    <display value="Mayotte"/>
  </concept>
  <concept>
    <code value="178"/>
    <display value="Congo"/>
    <definition value="the Republic of the Congo"/>
  </concept>
  <concept>
    <code value="180"/>
    <display value="Democratic Republic of the Congo"/>
    <definition value="the Democratic Republic of the Congo"/>
  </concept>
  <concept>
    <code value="184"/>
    <display value="Cook Islands"/>
    <definition value="the Cook Islands"/>
  </concept>
  <concept>
    <code value="188"/>
    <display value="Costa Rica"/>
    <definition value="the Republic of Costa Rica"/>
  </concept>
  <concept>
    <code value="191"/>
    <display value="Croatia"/>
    <definition value="the Republic of Croatia"/>
  </concept>
  <concept>
    <code value="192"/>
    <display value="Cuba"/>
    <definition value="the Republic of Cuba"/>
  </concept>
  <concept>
    <code value="196"/>
    <display value="Cyprus"/>
    <definition value="the Republic of Cyprus"/>
  </concept>
  <concept>
    <code value="203"/>
    <display value="Czechia"/>
    <definition value="the Czech Republic"/>
  </concept>
  <concept>
    <code value="204"/>
    <display value="Benin"/>
    <definition value="the Republic of Benin"/>
  </concept>
  <concept>
    <code value="208"/>
    <display value="Denmark"/>
    <definition value="the Kingdom of Denmark"/>
  </concept>
  <concept>
    <code value="212"/>
    <display value="Dominica"/>
    <definition value="the Commonwealth of Dominica"/>
  </concept>
  <concept>
    <code value="214"/>
    <display value="Dominican Republic"/>
    <definition value="the Dominican Republic"/>
  </concept>
  <concept>
    <code value="218"/>
    <display value="Ecuador"/>
    <definition value="the Republic of Ecuador"/>
  </concept>
  <concept>
    <code value="222"/>
    <display value="El Salvador"/>
    <definition value="the Republic of El Salvador"/>
  </concept>
  <concept>
    <code value="226"/>
    <display value="Equatorial Guinea"/>
    <definition value="the Republic of Equatorial Guinea"/>
  </concept>
  <concept>
    <code value="231"/>
    <display value="Ethiopia"/>
    <definition value="the Federal Democratic Republic of Ethiopia"/>
  </concept>
  <concept>
    <code value="232"/>
    <display value="Eritrea"/>
    <definition value="Eritrea"/>
  </concept>
  <concept>
    <code value="233"/>
    <display value="Estonia"/>
    <definition value="the Republic of Estonia"/>
  </concept>
  <concept>
    <code value="234"/>
    <display value="Faroe Islands"/>
  </concept>
  <concept>
    <code value="238"/>
    <display value="Falkland Islands (Malvinas)"/>
  </concept>
  <concept>
    <code value="239"/>
    <display value="South Georgia and the South Sandwich Islands"/>
  </concept>
  <concept>
    <code value="242"/>
    <display value="Fiji"/>
    <definition value="the Republic of Fiji"/>
  </concept>
  <concept>
    <code value="246"/>
    <display value="Finland"/>
    <definition value="the Republic of Finland"/>
  </concept>
  <concept>
    <code value="248"/>
    <display value="Åland Islands"/>
  </concept>
  <concept>
    <code value="250"/>
    <display value="France"/>
    <definition value="the French Republic"/>
  </concept>
  <concept>
    <code value="254"/>
    <display value="French Guiana"/>
  </concept>
  <concept>
    <code value="258"/>
    <display value="French Polynesia"/>
  </concept>
  <concept>
    <code value="260"/>
    <display value="French Southern Territories"/>
  </concept>
  <concept>
    <code value="262"/>
    <display value="Djibouti"/>
    <definition value="the Republic of Djibouti"/>
  </concept>
  <concept>
    <code value="266"/>
    <display value="Gabon"/>
    <definition value="the Gabonese Republic"/>
  </concept>
  <concept>
    <code value="268"/>
    <display value="Georgia"/>
    <definition value="Georgia"/>
  </concept>
  <concept>
    <code value="270"/>
    <display value="Gambia"/>
    <definition value="Republic of the Gambia"/>
  </concept>
  <concept>
    <code value="275"/>
    <display value="occupied Palestinian territory, including east Jerusalem"/>
  </concept>
  <concept>
    <code value="276"/>
    <display value="Germany"/>
    <definition value="the Federal Republic of Germany"/>
  </concept>
  <concept>
    <code value="288"/>
    <display value="Ghana"/>
    <definition value="the Republic of Ghana"/>
  </concept>
  <concept>
    <code value="292"/>
    <display value="Gibraltar"/>
  </concept>
  <concept>
    <code value="296"/>
    <display value="Kiribati"/>
    <definition value="the Republic of Kiribati"/>
  </concept>
  <concept>
    <code value="300"/>
    <display value="Greece"/>
    <definition value="the Hellenic Republic"/>
  </concept>
  <concept>
    <code value="304"/>
    <display value="Greenland"/>
  </concept>
  <concept>
    <code value="308"/>
    <display value="Grenada"/>
    <definition value="Grenada"/>
  </concept>
  <concept>
    <code value="312"/>
    <display value="Guadeloupe"/>
  </concept>
  <concept>
    <code value="316"/>
    <display value="Guam"/>
  </concept>
  <concept>
    <code value="320"/>
    <display value="Guatemala"/>
    <definition value="the Republic of Guatemala"/>
  </concept>
  <concept>
    <code value="324"/>
    <display value="Guinea"/>
    <definition value="the Republic of Guinea"/>
  </concept>
  <concept>
    <code value="328"/>
    <display value="Guyana"/>
    <definition value="the Republic of Guyana"/>
  </concept>
  <concept>
    <code value="332"/>
    <display value="Haiti"/>
    <definition value="the Republic of Haiti"/>
  </concept>
  <concept>
    <code value="334"/>
    <display value="Heard Island and McDonald Islands"/>
  </concept>
  <concept>
    <code value="336"/>
    <display value="Holy See"/>
  </concept>
  <concept>
    <code value="340"/>
    <display value="Honduras"/>
    <definition value="the Republic of Honduras"/>
  </concept>
  <concept>
    <code value="344"/>
    <display value="China, Hong Kong SAR"/>
    <definition value="China, Hong Kong Special Administrative REGION"/>
  </concept>
  <concept>
    <code value="348"/>
    <display value="Hungary"/>
    <definition value="Hungary"/>
  </concept>
  <concept>
    <code value="352"/>
    <display value="Iceland"/>
    <definition value="Iceland"/>
  </concept>
  <concept>
    <code value="356"/>
    <display value="India"/>
    <definition value="the Republic of India"/>
  </concept>
  <concept>
    <code value="360"/>
    <display value="Indonesia"/>
    <definition value="the Republic of Indonesia"/>
  </concept>
  <concept>
    <code value="364"/>
    <display value="Iran (Islamic Republic of)"/>
    <definition value="the Islamic Republic of Iran"/>
  </concept>
  <concept>
    <code value="368"/>
    <display value="Iraq"/>
    <definition value="the Republic of Iraq"/>
  </concept>
  <concept>
    <code value="372"/>
    <display value="Ireland"/>
    <definition value="Ireland"/>
  </concept>
  <concept>
    <code value="376"/>
    <display value="Israel"/>
    <definition value="the State of Israel"/>
  </concept>
  <concept>
    <code value="380"/>
    <display value="Italy"/>
    <definition value="the Republic of Italy"/>
  </concept>
  <concept>
    <code value="384"/>
    <display value="Côte d’Ivoire"/>
    <definition value="the Republic of Côte d'Ivoire"/>
  </concept>
  <concept>
    <code value="388"/>
    <display value="Jamaica"/>
    <definition value="Jamaica"/>
  </concept>
  <concept>
    <code value="392"/>
    <display value="Japan"/>
    <definition value="Japan"/>
  </concept>
  <concept>
    <code value="398"/>
    <display value="Kazakhstan"/>
    <definition value="the Republic of Kazakhstan"/>
  </concept>
  <concept>
    <code value="400"/>
    <display value="Jordan"/>
    <definition value="the Hashemite Kingdom of Jordan"/>
  </concept>
  <concept>
    <code value="404"/>
    <display value="Kenya"/>
    <definition value="the Republic of Kenya"/>
  </concept>
  <concept>
    <code value="408"/>
    <display value="Democratic People's Republic of Korea"/>
    <definition value="the Democratic People's Republic of Korea"/>
  </concept>
  <concept>
    <code value="410"/>
    <display value="Republic of Korea"/>
    <definition value="the Republic of Korea"/>
  </concept>
  <concept>
    <code value="412"/>
    <display value="Kosovo (in accordance with UN Security Council resolution 1244 (1999))"/>
    <definition value="Kosovo (in accordance with UN Security Council resolution 1244 (1999))"/>
  </concept>
  <concept>
    <code value="414"/>
    <display value="Kuwait"/>
    <definition value="the State of Kuwait"/>
  </concept>
  <concept>
    <code value="417"/>
    <display value="Kyrgyzstan"/>
    <definition value="the Kyrgyz Republic"/>
  </concept>
  <concept>
    <code value="418"/>
    <display value="Lao People's Democratic Republic"/>
    <definition value="the Lao People's Democratic Republic"/>
  </concept>
  <concept>
    <code value="422"/>
    <display value="Lebanon"/>
    <definition value="the Lebanese Republic"/>
  </concept>
  <concept>
    <code value="426"/>
    <display value="Lesotho"/>
    <definition value="the Kingdom of Lesotho"/>
  </concept>
  <concept>
    <code value="428"/>
    <display value="Latvia"/>
    <definition value="the Republic of Latvia"/>
  </concept>
  <concept>
    <code value="430"/>
    <display value="Liberia"/>
    <definition value="the Republic of Liberia"/>
  </concept>
  <concept>
    <code value="434"/>
    <display value="Libya"/>
    <definition value="State of Libya"/>
  </concept>
  <concept>
    <code value="438"/>
    <display value="Liechtenstein"/>
  </concept>
  <concept>
    <code value="440"/>
    <display value="Lithuania"/>
    <definition value="the Republic of Lithuania"/>
  </concept>
  <concept>
    <code value="442"/>
    <display value="Luxembourg"/>
    <definition value="the Grand Duchy of Luxembourg"/>
  </concept>
  <concept>
    <code value="446"/>
    <display value="China, Macao SAR"/>
    <definition value="China, Macao Special Administrative REGION"/>
  </concept>
  <concept>
    <code value="450"/>
    <display value="Madagascar"/>
    <definition value="the Republic of Madagascar"/>
  </concept>
  <concept>
    <code value="454"/>
    <display value="Malawi"/>
    <definition value="the Republic of Malawi"/>
  </concept>
  <concept>
    <code value="458"/>
    <display value="Malaysia"/>
    <definition value="Malaysia"/>
  </concept>
  <concept>
    <code value="462"/>
    <display value="Maldives"/>
    <definition value="the Republic of Maldives"/>
  </concept>
  <concept>
    <code value="466"/>
    <display value="Mali"/>
    <definition value="the Republic of Mali"/>
  </concept>
  <concept>
    <code value="470"/>
    <display value="Malta"/>
    <definition value="the Republic of Malta"/>
  </concept>
  <concept>
    <code value="474"/>
    <display value="Martinique"/>
  </concept>
  <concept>
    <code value="478"/>
    <display value="Mauritania"/>
    <definition value="the Islamic Republic of Mauritania"/>
  </concept>
  <concept>
    <code value="480"/>
    <display value="Mauritius"/>
    <definition value="the Republic of Mauritius"/>
  </concept>
  <concept>
    <code value="484"/>
    <display value="Mexico"/>
    <definition value="the United Mexican States"/>
  </concept>
  <concept>
    <code value="492"/>
    <display value="Monaco"/>
    <definition value="the Principality of Monaco"/>
  </concept>
  <concept>
    <code value="496"/>
    <display value="Mongolia"/>
    <definition value="Mongolia"/>
  </concept>
  <concept>
    <code value="498"/>
    <display value="Republic of Moldova"/>
    <definition value="the Republic of Moldova"/>
  </concept>
  <concept>
    <code value="499"/>
    <display value="Montenegro"/>
    <definition value="Montenegro"/>
  </concept>
  <concept>
    <code value="500"/>
    <display value="Montserrat"/>
  </concept>
  <concept>
    <code value="504"/>
    <display value="Morocco"/>
    <definition value="the Kingdom of Morocco"/>
  </concept>
  <concept>
    <code value="508"/>
    <display value="Mozambique"/>
    <definition value="the Republic of Mozambique"/>
  </concept>
  <concept>
    <code value="512"/>
    <display value="Oman"/>
    <definition value="the Sultanate of Oman"/>
  </concept>
  <concept>
    <code value="516"/>
    <display value="Namibia"/>
    <definition value="the Republic of Namibia"/>
  </concept>
  <concept>
    <code value="520"/>
    <display value="Nauru"/>
    <definition value="the Republic of Nauru"/>
  </concept>
  <concept>
    <code value="524"/>
    <display value="Nepal"/>
    <definition value="the Federal Democratic Republic of Nepal"/>
  </concept>
  <concept>
    <code value="528"/>
    <display value="Netherlands (Kingdom of the)"/>
    <definition value="the Kingdom of  the Netherlands"/>
  </concept>
  <concept>
    <code value="531"/>
    <display value="Curaçao"/>
  </concept>
  <concept>
    <code value="533"/>
    <display value="Aruba"/>
  </concept>
  <concept>
    <code value="534"/>
    <display value="Sint Maarten (Dutch part)"/>
  </concept>
  <concept>
    <code value="535"/>
    <display value="Bonaire, Sint Eustatius and Saba"/>
    <definition value="Bonaire, Sint Eustatius and Saba"/>
  </concept>
  <concept>
    <code value="540"/>
    <display value="New Caledonia"/>
  </concept>
  <concept>
    <code value="548"/>
    <display value="Vanuatu"/>
    <definition value="the Republic of Vanuatu"/>
  </concept>
  <concept>
    <code value="554"/>
    <display value="New Zealand"/>
    <definition value="New Zealand"/>
  </concept>
  <concept>
    <code value="558"/>
    <display value="Nicaragua"/>
    <definition value="the Republic of Nicaragua"/>
  </concept>
  <concept>
    <code value="562"/>
    <display value="Niger"/>
    <definition value="the Republic of the Niger"/>
  </concept>
  <concept>
    <code value="566"/>
    <display value="Nigeria"/>
    <definition value="the Federal Republic of Nigeria"/>
  </concept>
  <concept>
    <code value="570"/>
    <display value="Niue"/>
    <definition value="the Republic of Niue"/>
  </concept>
  <concept>
    <code value="574"/>
    <display value="Norfolk Island"/>
  </concept>
  <concept>
    <code value="578"/>
    <display value="Norway"/>
    <definition value="the Kingdom of Norway"/>
  </concept>
  <concept>
    <code value="580"/>
    <display value="Northern Mariana Islands"/>
  </concept>
  <concept>
    <code value="581"/>
    <display value="United States Minor Outlying Islands"/>
  </concept>
  <concept>
    <code value="583"/>
    <display value="Micronesia (Federated States of)"/>
    <definition value="the Federated States of Micronesia"/>
  </concept>
  <concept>
    <code value="584"/>
    <display value="Marshall Islands"/>
    <definition value="the Republic of the  Marshall Islands"/>
  </concept>
  <concept>
    <code value="585"/>
    <display value="Palau"/>
    <definition value="the Republic of Palau"/>
  </concept>
  <concept>
    <code value="586"/>
    <display value="Pakistan"/>
    <definition value="the Islamic Republic of Pakistan"/>
  </concept>
  <concept>
    <code value="591"/>
    <display value="Panama"/>
    <definition value="the Republic of Panama"/>
  </concept>
  <concept>
    <code value="598"/>
    <display value="Papua New Guinea"/>
    <definition value="Independent State of Papua New Guinea"/>
  </concept>
  <concept>
    <code value="600"/>
    <display value="Paraguay"/>
    <definition value="the Republic of Paraguay"/>
  </concept>
  <concept>
    <code value="604"/>
    <display value="Peru"/>
    <definition value="the Republic of Peru"/>
  </concept>
  <concept>
    <code value="608"/>
    <display value="Philippines"/>
    <definition value="the Republic of the Philippines"/>
  </concept>
  <concept>
    <code value="612"/>
    <display value="Pitcairn"/>
  </concept>
  <concept>
    <code value="616"/>
    <display value="Poland"/>
    <definition value="the Republic of Poland"/>
  </concept>
  <concept>
    <code value="620"/>
    <display value="Portugal"/>
    <definition value="the Portuguese Republic"/>
  </concept>
  <concept>
    <code value="624"/>
    <display value="Guinea-Bissau"/>
    <definition value="the Republic of Guinea-Bissau"/>
  </concept>
  <concept>
    <code value="626"/>
    <display value="Timor-Leste"/>
    <definition value="the Democratic Republic of Timor-Leste"/>
  </concept>
  <concept>
    <code value="630"/>
    <display value="Puerto Rico"/>
    <definition value="Puerto Rico"/>
  </concept>
  <concept>
    <code value="634"/>
    <display value="Qatar"/>
    <definition value="the State of Qatar"/>
  </concept>
  <concept>
    <code value="638"/>
    <display value="Réunion"/>
  </concept>
  <concept>
    <code value="642"/>
    <display value="Romania"/>
    <definition value="Romania"/>
  </concept>
  <concept>
    <code value="643"/>
    <display value="Russian Federation"/>
    <definition value="the Russian Federation"/>
  </concept>
  <concept>
    <code value="646"/>
    <display value="Rwanda"/>
    <definition value="the Republic of Rwanda"/>
  </concept>
  <concept>
    <code value="652"/>
    <display value="Saint Barthélemy"/>
  </concept>
  <concept>
    <code value="654"/>
    <display value="Saint Helena"/>
  </concept>
  <concept>
    <code value="659"/>
    <display value="Saint Kitts and Nevis"/>
    <definition value="Saint Kitts and Nevis"/>
  </concept>
  <concept>
    <code value="660"/>
    <display value="Anguilla"/>
  </concept>
  <concept>
    <code value="662"/>
    <display value="Saint Lucia"/>
    <definition value="Saint Lucia"/>
  </concept>
  <concept>
    <code value="663"/>
    <display value="Saint Martin (French part)"/>
  </concept>
  <concept>
    <code value="666"/>
    <display value="Saint Pierre and Miquelon"/>
  </concept>
  <concept>
    <code value="670"/>
    <display value="Saint Vincent and the Grenadines"/>
    <definition value="Saint Vincent and the Grenadines"/>
  </concept>
  <concept>
    <code value="674"/>
    <display value="San Marino"/>
    <definition value="the Republic of San Marino"/>
  </concept>
  <concept>
    <code value="678"/>
    <display value="Sao Tome and Principe"/>
    <definition value="the Democratic Republic of Sao Tome and Principe"/>
  </concept>
  <concept>
    <code value="682"/>
    <display value="Saudi Arabia"/>
    <definition value="the Kingdom of Saudi Arabia"/>
  </concept>
  <concept>
    <code value="686"/>
    <display value="Senegal"/>
    <definition value="the Republic of Senegal"/>
  </concept>
  <concept>
    <code value="688"/>
    <display value="Serbia"/>
    <definition value="the Republic of Serbia"/>
  </concept>
  <concept>
    <code value="690"/>
    <display value="Seychelles"/>
    <definition value="the Republic of Seychelles"/>
  </concept>
  <concept>
    <code value="694"/>
    <display value="Sierra Leone"/>
    <definition value="the Republic of Sierra Leone"/>
  </concept>
  <concept>
    <code value="702"/>
    <display value="Singapore"/>
    <definition value="the Republic of Singapore"/>
  </concept>
  <concept>
    <code value="703"/>
    <display value="Slovakia"/>
    <definition value="the Slovak Republic"/>
  </concept>
  <concept>
    <code value="704"/>
    <display value="Viet Nam"/>
    <definition value="the Socialist Republic of Viet Nam"/>
  </concept>
  <concept>
    <code value="705"/>
    <display value="Slovenia"/>
    <definition value="the Republic of Slovenia"/>
  </concept>
  <concept>
    <code value="706"/>
    <display value="Somalia"/>
    <definition value="the Federal Republic of Somalia"/>
  </concept>
  <concept>
    <code value="710"/>
    <display value="South Africa"/>
    <definition value="the Republic of South Africa"/>
  </concept>
  <concept>
    <code value="716"/>
    <display value="Zimbabwe"/>
    <definition value="the Republic of Zimbabwe"/>
  </concept>
  <concept>
    <code value="724"/>
    <display value="Spain"/>
    <definition value="the Kingdom of Spain"/>
  </concept>
  <concept>
    <code value="728"/>
    <display value="South Sudan"/>
    <definition value="the Republic of South Sudan"/>
  </concept>
  <concept>
    <code value="729"/>
    <display value="Sudan"/>
    <definition value="the Republic of the Sudan"/>
  </concept>
  <concept>
    <code value="732"/>
    <display value="Western Sahara"/>
  </concept>
  <concept>
    <code value="740"/>
    <display value="Suriname"/>
    <definition value="the Republic of Suriname"/>
  </concept>
  <concept>
    <code value="744"/>
    <display value="Svalbard and Jan Mayen"/>
  </concept>
  <concept>
    <code value="748"/>
    <display value="Eswatini"/>
    <definition value="the Kingdom of Eswatini"/>
  </concept>
  <concept>
    <code value="752"/>
    <display value="Sweden"/>
    <definition value="the Kingdom of Sweden"/>
  </concept>
  <concept>
    <code value="756"/>
    <display value="Switzerland"/>
    <definition value="the Swiss Confederation"/>
  </concept>
  <concept>
    <code value="760"/>
    <display value="Syrian Arab Republic"/>
    <definition value="the Syrian Arab Republic"/>
  </concept>
  <concept>
    <code value="762"/>
    <display value="Tajikistan"/>
    <definition value="the Republic of Tajikistan"/>
  </concept>
  <concept>
    <code value="764"/>
    <display value="Thailand"/>
    <definition value="the Kingdom of Thailand"/>
  </concept>
  <concept>
    <code value="768"/>
    <display value="Togo"/>
    <definition value="the Togolese Republic"/>
  </concept>
  <concept>
    <code value="772"/>
    <display value="Tokelau"/>
    <definition value="Tokelau"/>
  </concept>
  <concept>
    <code value="776"/>
    <display value="Tonga"/>
    <definition value="the Kingdom of Tonga"/>
  </concept>
  <concept>
    <code value="780"/>
    <display value="Trinidad and Tobago"/>
    <definition value="the Republic of Trinidad and Tobago"/>
  </concept>
  <concept>
    <code value="784"/>
    <display value="United Arab Emirates"/>
    <definition value="the United Arab Emirates"/>
  </concept>
  <concept>
    <code value="788"/>
    <display value="Tunisia"/>
    <definition value="the Republic of Tunisia"/>
  </concept>
  <concept>
    <code value="792"/>
    <display value="Türkiye"/>
    <definition value="the Republic of Türkiye"/>
  </concept>
  <concept>
    <code value="795"/>
    <display value="Turkmenistan"/>
    <definition value="Turkmenistan"/>
  </concept>
  <concept>
    <code value="796"/>
    <display value="Turks and Caicos Islands"/>
  </concept>
  <concept>
    <code value="798"/>
    <display value="Tuvalu"/>
    <definition value="Tuvalu"/>
  </concept>
  <concept>
    <code value="800"/>
    <display value="Uganda"/>
    <definition value="the Republic of Uganda"/>
  </concept>
  <concept>
    <code value="804"/>
    <display value="Ukraine"/>
    <definition value="Ukraine"/>
  </concept>
  <concept>
    <code value="807"/>
    <display value="North Macedonia"/>
    <definition value="the Republic of North Macedonia"/>
  </concept>
  <concept>
    <code value="818"/>
    <display value="Egypt"/>
    <definition value="the Arab Republic of Egypt"/>
  </concept>
  <concept>
    <code value="826"/>
    <display value="United Kingdom of Great Britain and Northern Ireland"/>
    <definition value="the United Kingdom of Great Britain and Northern Ireland"/>
  </concept>
  <concept>
    <code value="831"/>
    <display value="Guernsey"/>
  </concept>
  <concept>
    <code value="832"/>
    <display value="Jersey"/>
  </concept>
  <concept>
    <code value="833"/>
    <display value="Isle of Man"/>
  </concept>
  <concept>
    <code value="834"/>
    <display value="United Republic of Tanzania"/>
    <definition value="the United Republic of Tanzania"/>
  </concept>
  <concept>
    <code value="840"/>
    <display value="United States of America"/>
    <definition value="the United States of America"/>
  </concept>
  <concept>
    <code value="850"/>
    <display value="United States Virgin Islands"/>
  </concept>
  <concept>
    <code value="854"/>
    <display value="Burkina Faso"/>
    <definition value="Burkina Faso"/>
  </concept>
  <concept>
    <code value="858"/>
    <display value="Uruguay"/>
    <definition value="the Eastern Republic of Uruguay"/>
  </concept>
  <concept>
    <code value="860"/>
    <display value="Uzbekistan"/>
    <definition value="the Republic of Uzbekistan"/>
  </concept>
  <concept>
    <code value="862"/>
    <display value="Venezuela (Bolivarian Republic of)"/>
    <definition value="the Bolivarian Republic of Venezuela"/>
  </concept>
  <concept>
    <code value="876"/>
    <display value="Wallis and Futuna"/>
  </concept>
  <concept>
    <code value="882"/>
    <display value="Samoa"/>
    <definition value="the Independent State of Samoa"/>
  </concept>
  <concept>
    <code value="887"/>
    <display value="Yemen"/>
    <definition value="the Republic of Yemen"/>
  </concept>
  <concept>
    <code value="894"/>
    <display value="Zambia"/>
    <definition value="the Republic of Zambia"/>
  </concept>
</CodeSystem>